-- USER 10명
INSERT INTO user (email, password, actor, name, created_at, updated_at) VALUES
                                                                            ('user1@example.com', 'pass1', 'USER', 'User One', NOW(), NOW()),
                                                                            ('user2@example.com', 'pass2', 'USER', 'User Two', NOW(), NOW()),
                                                                            ('user3@example.com', 'pass3', 'USER', 'User Three', NOW(), NOW()),
                                                                            ('user4@example.com', 'pass4', 'USER', 'User Four', NOW(), NOW()),
                                                                            ('user5@example.com', 'pass5', 'USER', 'User Five', NOW(), NOW()),
                                                                            ('user6@example.com', 'pass6', 'USER', 'User Six', NOW(), NOW()),
                                                                            ('user7@example.com', 'pass7', 'USER', 'User Seven', NOW(), NOW()),
                                                                            ('user8@example.com', 'pass8', 'USER', 'User Eight', NOW(), NOW()),
                                                                            ('user9@example.com', 'pass9', 'USER', 'User Nine', NOW(), NOW()),
                                                                            ('user10@example.com', 'pass10', 'USER', 'User Ten', NOW(), NOW());

-- STORE 10개 (user_id 1~10 배분)
INSERT INTO store (user_id, name, business_num, address, category, latitude, longitude, operation_time, phone, created_at, updated_at) VALUES
                                                                                                                                           (1, 'Store 1', '111-11-11111', 'Address 1', 'Food', 37.56, 126.97, '09:00-18:00', '010-0000-0001', NOW(), NOW()),
                                                                                                                                           (2, 'Store 2', '222-22-22222', 'Address 2', 'Cafe', 37.57, 126.98, '10:00-20:00', '010-0000-0002', NOW(), NOW()),
                                                                                                                                           (3, 'Store 3', '333-33-33333', 'Address 3', 'Clothing', 37.58, 126.99, '11:00-21:00', '010-0000-0003', NOW(), NOW()),
                                                                                                                                           (4, 'Store 4', '444-44-44444', 'Address 4', 'Books', 37.59, 127.00, '08:00-17:00', '010-0000-0004', NOW(), NOW()),
                                                                                                                                           (5, 'Store 5', '555-55-55555', 'Address 5', 'Food', 37.60, 127.01, '09:00-18:00', '010-0000-0005', NOW(), NOW()),
                                                                                                                                           (6, 'Store 6', '666-66-66666', 'Address 6', 'Cafe', 37.61, 127.02, '10:00-20:00', '010-0000-0006', NOW(), NOW()),
                                                                                                                                           (7, 'Store 7', '777-77-77777', 'Address 7', 'Clothing', 37.62, 127.03, '11:00-21:00', '010-0000-0007', NOW(), NOW()),
                                                                                                                                           (8, 'Store 8', '888-88-88888', 'Address 8', 'Books', 37.63, 127.04, '08:00-17:00', '010-0000-0008', NOW(), NOW()),
                                                                                                                                           (9, 'Store 9', '999-99-99999', 'Address 9', 'Food', 37.64, 127.05, '09:00-18:00', '010-0000-0009', NOW(), NOW()),
                                                                                                                                           (10, 'Store 10', '101-01-10101', 'Address 10', 'Cafe', 37.65, 127.06, '10:00-20:00', '010-0000-0010', NOW(), NOW());

-- QUESTION 5개
INSERT INTO question (question, created_at, updated_at) VALUES
                                                            ('What are your opening hours?', NOW(), NOW()),
                                                            ('Do you offer delivery?', NOW(), NOW()),
                                                            ('Is parking available?', NOW(), NOW()),
                                                            ('Do you have vegetarian options?', NOW(), NOW()),
                                                            ('What is your return policy?', NOW(), NOW());

-- GUEST_BOOK 50개 (user_id 1~10, store_id 1~10, question_id 1~5, 순환 배분)
INSERT INTO guest_book (content, question_id, answer, user_id, store_id, created_at, updated_at) VALUES
                                                                                                     ('Content 1', 1, 'Answer 1', 1, 1, NOW(), NOW()),
                                                                                                     ('Content 2', 2, 'Answer 2', 2, 2, NOW(), NOW()),
                                                                                                     ('Content 3', 3, 'Answer 3', 3, 3, NOW(), NOW()),
                                                                                                     ('Content 4', 4, 'Answer 4', 4, 4, NOW(), NOW()),
                                                                                                     ('Content 5', 5, 'Answer 5', 5, 5, NOW(), NOW()),
                                                                                                     ('Content 6', 1, 'Answer 6', 6, 6, NOW(), NOW()),
                                                                                                     ('Content 7', 2, 'Answer 7', 7, 7, NOW(), NOW()),
                                                                                                     ('Content 8', 3, 'Answer 8', 8, 8, NOW(), NOW()),
                                                                                                     ('Content 9', 4, 'Answer 9', 9, 9, NOW(), NOW()),
                                                                                                     ('Content 10', 5, 'Answer 10', 10, 10, NOW(), NOW()),
                                                                                                     ('Content 11', 1, 'Answer 11', 1, 1, NOW(), NOW()),
                                                                                                     ('Content 12', 2, 'Answer 12', 2, 2, NOW(), NOW()),
                                                                                                     ('Content 13', 3, 'Answer 13', 3, 3, NOW(), NOW()),
                                                                                                     ('Content 14', 4, 'Answer 14', 4, 4, NOW(), NOW()),
                                                                                                     ('Content 15', 5, 'Answer 15', 5, 5, NOW(), NOW()),
                                                                                                     ('Content 16', 1, 'Answer 16', 6, 6, NOW(), NOW()),
                                                                                                     ('Content 17', 2, 'Answer 17', 7, 7, NOW(), NOW()),
                                                                                                     ('Content 18', 3, 'Answer 18', 8, 8, NOW(), NOW()),
                                                                                                     ('Content 19', 4, 'Answer 19', 9, 9, NOW(), NOW()),
                                                                                                     ('Content 20', 5, 'Answer 20', 10, 10, NOW(), NOW()),
                                                                                                     ('Content 21', 1, 'Answer 21', 1, 1, NOW(), NOW()),
                                                                                                     ('Content 22', 2, 'Answer 22', 2, 2, NOW(), NOW()),
                                                                                                     ('Content 23', 3, 'Answer 23', 3, 3, NOW(), NOW()),
                                                                                                     ('Content 24', 4, 'Answer 24', 4, 4, NOW(), NOW()),
                                                                                                     ('Content 25', 5, 'Answer 25', 5, 5, NOW(), NOW()),
                                                                                                     ('Content 26', 1, 'Answer 26', 6, 6, NOW(), NOW()),
                                                                                                     ('Content 27', 2, 'Answer 27', 7, 7, NOW(), NOW()),
                                                                                                     ('Content 28', 3, 'Answer 28', 8, 8, NOW(), NOW()),
                                                                                                     ('Content 29', 4, 'Answer 29', 9, 9, NOW(), NOW()),
                                                                                                     ('Content 30', 5, 'Answer 30', 10, 10, NOW(), NOW()),
                                                                                                     ('Content 31', 1, 'Answer 31', 1, 1, NOW(), NOW()),
                                                                                                     ('Content 32', 2, 'Answer 32', 2, 2, NOW(), NOW()),
                                                                                                     ('Content 33', 3, 'Answer 33', 3, 3, NOW(), NOW()),
                                                                                                     ('Content 34', 4, 'Answer 34', 4, 4, NOW(), NOW()),
                                                                                                     ('Content 35', 5, 'Answer 35', 5, 5, NOW(), NOW()),
                                                                                                     ('Content 36', 1, 'Answer 36', 6, 6, NOW(), NOW()),
                                                                                                     ('Content 37', 2, 'Answer 37', 7, 7, NOW(), NOW()),
                                                                                                     ('Content 38', 3, 'Answer 38', 8, 8, NOW(), NOW()),
                                                                                                     ('Content 39', 4, 'Answer 39', 9, 9, NOW(), NOW()),
                                                                                                     ('Content 40', 5, 'Answer 40', 10, 10, NOW(), NOW()),
                                                                                                     ('Content 41', 1, 'Answer 41', 1, 1, NOW(), NOW()),
                                                                                                     ('Content 42', 2, 'Answer 42', 2, 2, NOW(), NOW()),
                                                                                                     ('Content 43', 3, 'Answer 43', 3, 3, NOW(), NOW()),
                                                                                                     ('Content 44', 4, 'Answer 44', 4, 4, NOW(), NOW()),
                                                                                                     ('Content 45', 5, 'Answer 45', 5, 5, NOW(), NOW()),
                                                                                                     ('Content 46', 1, 'Answer 46', 6, 6, NOW(), NOW()),
                                                                                                     ('Content 47', 2, 'Answer 47', 7, 7, NOW(), NOW()),
                                                                                                     ('Content 48', 3, 'Answer 48', 8, 8, NOW(), NOW()),
                                                                                                     ('Content 49', 4, 'Answer 49', 9, 9, NOW(), NOW()),
                                                                                                     ('Content 50', 5, 'Answer 50', 10, 10, NOW(), NOW());
